<ImportExportXml xmlns:xsi="http://www.w3.org/2001/XMLSchema-instance">
  <Entities>
    <Entity>
      <Name LocalizedName="Work Order" OriginalName="Work Order">msdyn_workorder</Name>
      <EntityInfo>
        <entity Name="msdyn_workorder">
          <attributes>
            <attribute PhysicalName="f12fs_F12FSRelatedRecordsCreated">
              <Type>bit</Type>
              <Name>f12fs_f12fsrelatedrecordscreated</Name>
              <LogicalName>f12fs_f12fsrelatedrecordscreated</LogicalName>
              <RequiredLevel>none</RequiredLevel>
              <DisplayMask>ValidForAdvancedFind|ValidForForm|ValidForGrid</DisplayMask>
              <ImeMode>auto</ImeMode>
              <ValidForUpdateApi>1</ValidForUpdateApi>
              <ValidForReadApi>1</ValidForReadApi>
              <ValidForCreateApi>1</ValidForCreateApi>
              <IsCustomField>1</IsCustomField>
              <IsAuditEnabled>0</IsAuditEnabled>
              <IsSecured>0</IsSecured>
              <IntroducedVersion>1.0.0.0</IntroducedVersion>
              <IsCustomizable>1</IsCustomizable>
              <IsRenameable>1</IsRenameable>
              <CanModifySearchSettings>1</CanModifySearchSettings>
              <CanModifyRequirementLevelSettings>1</CanModifyRequirementLevelSettings>
              <CanModifyAdditionalSettings>1</CanModifyAdditionalSettings>
              <SourceType>0</SourceType>
              <IsGlobalFilterEnabled>0</IsGlobalFilterEnabled>
              <IsSortableEnabled>0</IsSortableEnabled>
              <CanModifyGlobalFilterSettings>1</CanModifyGlobalFilterSettings>
              <CanModifyIsSortableSettings>1</CanModifyIsSortableSettings>
              <IsDataSourceSecret>0</IsDataSourceSecret>
              <AppDefaultValue>0</AppDefaultValue>
              <optionset Name="f12fs_msdyn_workorder_f12fs_f12fsrelatedrecordscreated">
                <OptionSetType>bit</OptionSetType>
                <IntroducedVersion>1.0.0.0</IntroducedVersion>
                <IsCustomizable>1</IsCustomizable>
                <displaynames>
                  <displayname description="F12FS Related Records Created" languagecode="1033" />
                </displaynames>
                <Descriptions>
                  <Description description="Custom attribute used to indicate if the F12FS Migration Helper XrmlToolbox plugin has processed this record." languagecode="1033" />
                </Descriptions>
                <options>
                  <option value="0" Color="#0000ff">
                    <labels>
                      <label description="No" languagecode="1033" />
                    </labels>
                  </option>
                  <option value="1" Color="#0000ff">
                    <labels>
                      <label description="Yes" languagecode="1033" />
                    </labels>
                  </option>
                </options>
              </optionset>
              <displaynames>
                <displayname description="F12FS Related Records Created" languagecode="1033" />
              </displaynames>
              <Descriptions>
                <Description description="Custom attribute used to indicate if the F12FS Migration Helper XrmlToolbox plugin has processed this record." languagecode="1033" />
              </Descriptions>
            </attribute>
          </attributes>
        </entity>
      </EntityInfo>
      <RibbonDiffXml>
        <CustomActions />
        <Templates>
          <RibbonTemplates Id="Mscrm.Templates"></RibbonTemplates>
        </Templates>
        <CommandDefinitions />
        <RuleDefinitions>
          <TabDisplayRules />
          <DisplayRules />
          <EnableRules />
        </RuleDefinitions>
        <LocLabels />
      </RibbonDiffXml>
    </Entity>
  </Entities>
  <Roles></Roles>
  <Workflows></Workflows>
  <FieldSecurityProfiles></FieldSecurityProfiles>
  <Templates />
  <EntityMaps />
  <EntityRelationships />
  <OrganizationSettings />
  <optionsets />
  <CustomControls />
  <EntityDataProviders />
  <Languages>
    <Language>1033</Language>
  </Languages>
</ImportExportXml>